<?xml version="1.0" encoding="utf-8"?>
<extension version="2.5" type="plugin" group="system" method="upgrade">
	<name>System - RSForm! Pro zarinpal</name>
	<author>RSJoomla</author>
	<creationDate>May 2009</creationDate>
	<copyright>(C) 2007-2010 www.rsjoomla.com</copyright>
	<license>GNU General Public License</license>
	<authorEmail>support@rsjoomla.com</authorEmail>
	<authorUrl>www.rsjoomla.com</authorUrl>
	<version>1.3.0</version>
	<description><![CDATA[RSForm!Pro - zarinpal plugin allows you to add the zarinpal payment procedure to your form. Works with at least RSForm! Pro 1.3.0 REV30!]]></description>
	<files>
		<filename plugin="rsfpzarinpal">rsfpzarinpal.php</filename>
	</files>
	<languages>
		<language tag="en-GB">en-GB.plg_system_rsfpzarinpal.ini</language>
	</languages>
</extension>