<?xml version="1.0" encoding="utf-8"?>
<extension type="component" version="2.5" method="upgrade">
<name>rsinstaller</name>
<author>RSJoomla</author>
<creationDate>03/03/2009</creationDate>
<copyright>(C) 2007-2010 www.rsjoomla.com</copyright>
<authorEmail>support@rsjoomla.com</authorEmail>
<authorUrl>www.rsjoomla.com</authorUrl>
<version>1.3.0</version>
 <description><![CDATA[<table><tr><td><img border="0" src="http://www.topjoomina.ir/download.php?imgf=13233526261.jpg" width="202" height="190"></td><td><font color="#006699">Joomina.ir</font><br>
<font color="#333333">پلاگین اتصال rsform به درگاه زرین پال</font><br> به کمک این پلاگین میتوانید هر فرمس که تمایل داشته باشید را ایجاد نموده برای پرداخت آن را به درگاه زرین پال متصل نمایید - راهنمای استفاده از افزونه در سایت جومینا درج شده است  <br/>
حداقل نسخه مورد نیاز برای کارکرد : RSForm! Pro 1.3.0 REV30!
<strong>برنامه نویسی شده توسط : رامین انگوتی - تیم برنامه نویسی جومینا</strong> 
</td></tr><tr bgcolor="#CCC"><td colspan="2"><h5>وب سایت های وابسته:</h5><a style="text-decoration: none" target="_blank" href="http://www.joomina.ir">Joomina.ir</a><span lang="fa">&nbsp;&nbsp; ا&nbsp;&nbsp; </span>	<a style="text-decoration: none" target="_blank" href="http://forum.joomina.ir">انجمن پشتیبانی</a><span lang="fa">&nbsp;&nbsp; ا&nbsp;&nbsp;&nbsp;</span><a style="text-decoration: none" target="_blank" href="http://joominamarket.com">فروشگاه جومینا</a>&nbsp;&nbsp;<span lang="fa">ا</span>&nbsp;&nbsp;<a style="text-decoration: none" target="_blank" href="http://www.ir-payamak.com">پیامک ایرانیان</a>&nbsp;&nbsp;<span lang="fa">ا</span>&nbsp;&nbsp;<a style="text-decoration: none" target="_blank" href="http://www.joominaCMS.com">وب سایت های آماده</a>&nbsp;&nbsp;</td></tr></table>]]></description>
	<install>
		<sql>
			<file driver="mysql">install.mysql.rsfpzarinpal.sql</file>
			<file driver="mysql" charset="utf8">install.mysql.rsfpzarinpal.sql</file>
		</sql>
	</install>
	
	<uninstall>
		<sql>
			<file driver="mysql">uninstall.mysql.rsfpzarinpal.sql</file>
			<file driver="mysql" charset="utf8">uninstall.mysql.rsfpzarinpal.sql</file>
		</sql>
	</uninstall>
	<scriptfile>script.rsinstaller.php</scriptfile>
	<installfile>install.rsinstaller.php</installfile>
	<administration>
		<files>
			<filename>install.mysql.rsfpzarinpal.sql</filename>
			<filename>uninstall.mysql.rsfpzarinpal.sql</filename>
		</files>
	</administration>
</extension>